<?xml version="1.0" encoding="UTF-8"?>
<project-private xmlns="http://www.netbeans.org/ns/project-private/1">
    <editor-bookmarks xmlns="http://www.netbeans.org/ns/editor-bookmarks/2" lastBookmarkId="0"/>
    <open-files xmlns="http://www.netbeans.org/ns/projectui-open-files/2">
        <group>
            <file>file:/D:/02%20UNIVERSIDAD%20DE%20CARTAGENA/01%20INGENIERIA%20DE%20SOFTWARE/SEGUNDO%20SEMESTRE/POO/ACTIVIDAD%203/ACTIVIDAD%203/Actividad2POO/src/co/edu/ude/poo/eventoscongreso/crud/VentanaCrudTrabajo.java</file>
            <file>file:/D:/02%20UNIVERSIDAD%20DE%20CARTAGENA/01%20INGENIERIA%20DE%20SOFTWARE/SEGUNDO%20SEMESTRE/POO/ACTIVIDAD%203/ACTIVIDAD%203/Actividad2POO/src/co/edu/ude/poo/eventoscongreso/dominio/Trabajo.java</file>
            <file>file:/D:/02%20UNIVERSIDAD%20DE%20CARTAGENA/01%20INGENIERIA%20DE%20SOFTWARE/SEGUNDO%20SEMESTRE/POO/ACTIVIDAD%203/ACTIVIDAD%203/Actividad2POO/src/co/edu/ude/poo/eventoscongreso/crud/VentanaCrudCongresista.java</file>
            <file>file:/D:/02%20UNIVERSIDAD%20DE%20CARTAGENA/01%20INGENIERIA%20DE%20SOFTWARE/SEGUNDO%20SEMESTRE/POO/ACTIVIDAD%203/ACTIVIDAD%203/Actividad2POO/src/co/edu/ude/poo/eventoscongreso/crud/VentanaReporteCongresista.java</file>
            <file>file:/D:/02%20UNIVERSIDAD%20DE%20CARTAGENA/01%20INGENIERIA%20DE%20SOFTWARE/SEGUNDO%20SEMESTRE/POO/ACTIVIDAD%203/ACTIVIDAD%203/Actividad2POO/src/co/edu/ude/poo/eventoscongreso/crud/VentanaReporteSala.java</file>
            <file>file:/D:/02%20UNIVERSIDAD%20DE%20CARTAGENA/01%20INGENIERIA%20DE%20SOFTWARE/SEGUNDO%20SEMESTRE/POO/ACTIVIDAD%203/ACTIVIDAD%203/Actividad2POO/src/co/edu/ude/poo/eventoscongreso/crud/VentanaReporteSesion.java</file>
            <file>file:/D:/02%20UNIVERSIDAD%20DE%20CARTAGENA/01%20INGENIERIA%20DE%20SOFTWARE/SEGUNDO%20SEMESTRE/POO/ACTIVIDAD%203/ACTIVIDAD%203/Actividad2POO/src/co/edu/ude/poo/eventoscongreso/crud/VentanaReporteTrabajo.java</file>
        </group>
    </open-files>
</project-private>
